-- phpMyAdmin SQL Dump
-- version 3.2.4
-- http://www.phpmyadmin.net
--
-- Host: localhost
-- Generation Time: Oct 23, 2014 at 11:01 PM
-- Server version: 5.1.41
-- PHP Version: 5.3.1

SET SQL_MODE="NO_AUTO_VALUE_ON_ZERO";


/*!40101 SET @OLD_CHARACTER_SET_CLIENT=@@CHARACTER_SET_CLIENT */;
/*!40101 SET @OLD_CHARACTER_SET_RESULTS=@@CHARACTER_SET_RESULTS */;
/*!40101 SET @OLD_COLLATION_CONNECTION=@@COLLATION_CONNECTION */;
/*!40101 SET NAMES utf8 */;

--
-- Database: `202`
--

-- --------------------------------------------------------

--
-- Table structure for table `recovery`
--

CREATE TABLE IF NOT EXISTS `recovery` (
  `rkey` text NOT NULL,
  `user_id` int(11) NOT NULL
) ENGINE=MyISAM DEFAULT CHARSET=latin1;

--
-- Dumping data for table `recovery`
--


-- --------------------------------------------------------

--
-- Table structure for table `uc_configuration`
--

CREATE TABLE IF NOT EXISTS `uc_configuration` (
  `id` int(11) NOT NULL AUTO_INCREMENT,
  `name` varchar(150) NOT NULL,
  `value` varchar(150) NOT NULL,
  PRIMARY KEY (`id`)
) ENGINE=InnoDB  DEFAULT CHARSET=utf8 AUTO_INCREMENT=8 ;

--
-- Dumping data for table `uc_configuration`
--

INSERT INTO `uc_configuration` (`id`, `name`, `value`) VALUES
(1, 'website_name', 'online Cryptographical Tool'),
(2, 'website_url', 'localhost/'),
(3, 'email', 'noreply@localhost'),
(4, 'activation', 'false'),
(5, 'resend_activation_threshold', '0'),
(6, 'language', 'models/languages/en.php'),
(7, 'template', 'models/site-templates/default.css');

-- --------------------------------------------------------

--
-- Table structure for table `uc_pages`
--

CREATE TABLE IF NOT EXISTS `uc_pages` (
  `id` int(11) NOT NULL AUTO_INCREMENT,
  `page` varchar(150) NOT NULL,
  `private` tinyint(1) NOT NULL DEFAULT '0',
  PRIMARY KEY (`id`)
) ENGINE=InnoDB  DEFAULT CHARSET=latin1 AUTO_INCREMENT=27 ;

--
-- Dumping data for table `uc_pages`
--

INSERT INTO `uc_pages` (`id`, `page`, `private`) VALUES
(1, 'account.php', 1),
(2, 'activate-account.php', 0),
(3, 'admin_configuration.php', 1),
(4, 'admin_page.php', 1),
(5, 'admin_pages.php', 1),
(6, 'admin_permission.php', 1),
(7, 'admin_permissions.php', 1),
(8, 'admin_user.php', 1),
(9, 'admin_users.php', 1),
(10, 'forgot-password.php', 0),
(11, 'index.php', 0),
(12, 'left-nav.php', 0),
(13, 'login.php', 0),
(14, 'logout.php', 1),
(15, 'register.php', 0),
(16, 'resend-activation.php', 0),
(17, 'user_settings.php', 1),
(18, 'cryptosystem.php', 1),
(19, 'aes.php', 1),
(20, 'affine.php', 1),
(21, 'caser.php', 1),
(22, 'des.php', 1),
(23, 'hashes.php', 1),
(24, 'rabbit.php', 1),
(25, 'vigenere.php', 1),
(26, 'tutorials.php', 1);

-- --------------------------------------------------------

--
-- Table structure for table `uc_permissions`
--

CREATE TABLE IF NOT EXISTS `uc_permissions` (
  `id` int(11) NOT NULL AUTO_INCREMENT,
  `name` varchar(150) NOT NULL,
  PRIMARY KEY (`id`)
) ENGINE=InnoDB  DEFAULT CHARSET=utf8 AUTO_INCREMENT=3 ;

--
-- Dumping data for table `uc_permissions`
--

INSERT INTO `uc_permissions` (`id`, `name`) VALUES
(1, 'New Member'),
(2, 'Administrator');

-- --------------------------------------------------------

--
-- Table structure for table `uc_permission_page_matches`
--

CREATE TABLE IF NOT EXISTS `uc_permission_page_matches` (
  `id` int(11) NOT NULL AUTO_INCREMENT,
  `permission_id` int(11) NOT NULL,
  `page_id` int(11) NOT NULL,
  PRIMARY KEY (`id`)
) ENGINE=InnoDB  DEFAULT CHARSET=latin1 AUTO_INCREMENT=32 ;

--
-- Dumping data for table `uc_permission_page_matches`
--

INSERT INTO `uc_permission_page_matches` (`id`, `permission_id`, `page_id`) VALUES
(1, 1, 1),
(2, 1, 14),
(3, 1, 17),
(4, 2, 1),
(5, 2, 3),
(6, 2, 4),
(7, 2, 5),
(8, 2, 6),
(9, 2, 7),
(10, 2, 8),
(11, 2, 9),
(12, 2, 14),
(13, 2, 17),
(14, 2, 18),
(15, 2, 19),
(16, 2, 20),
(17, 2, 21),
(18, 2, 22),
(19, 2, 23),
(20, 2, 24),
(21, 2, 25),
(22, 1, 18),
(23, 1, 19),
(24, 1, 20),
(25, 1, 21),
(26, 1, 23),
(27, 1, 24),
(28, 1, 25),
(29, 1, 22),
(30, 1, 26),
(31, 2, 26);

-- --------------------------------------------------------

--
-- Table structure for table `uc_users`
--

CREATE TABLE IF NOT EXISTS `uc_users` (
  `id` int(11) NOT NULL AUTO_INCREMENT,
  `user_name` varchar(50) NOT NULL,
  `display_name` varchar(50) NOT NULL,
  `password` varchar(225) NOT NULL,
  `email` varchar(150) NOT NULL,
  `activation_token` varchar(225) NOT NULL,
  `last_activation_request` int(11) NOT NULL,
  `lost_password_request` tinyint(1) NOT NULL,
  `active` tinyint(1) NOT NULL,
  `title` varchar(150) NOT NULL,
  `sign_up_stamp` int(11) NOT NULL,
  `last_sign_in_stamp` int(11) NOT NULL,
  PRIMARY KEY (`id`)
) ENGINE=InnoDB  DEFAULT CHARSET=utf8 AUTO_INCREMENT=2 ;

--
-- Dumping data for table `uc_users`
--

INSERT INTO `uc_users` (`id`, `user_name`, `display_name`, `password`, `email`, `activation_token`, `last_activation_request`, `lost_password_request`, `active`, `title`, `sign_up_stamp`, `last_sign_in_stamp`) VALUES
(1, 'harishcse', 'harishcse', 'ffad543c3d1ffef77d8175034a8bb87d2684ed7224cd39e77011bcd911935093b', 'harishsrkrcse@gmail.com', 'eeca2ae606212bd46e6484edebce2161', 1413609545, 0, 1, 'New Member', 1413609545, 1413609556);

-- --------------------------------------------------------

--
-- Table structure for table `uc_user_permission_matches`
--

CREATE TABLE IF NOT EXISTS `uc_user_permission_matches` (
  `id` int(11) NOT NULL AUTO_INCREMENT,
  `user_id` int(11) NOT NULL,
  `permission_id` int(11) NOT NULL,
  PRIMARY KEY (`id`)
) ENGINE=InnoDB  DEFAULT CHARSET=utf8 AUTO_INCREMENT=12 ;

--
-- Dumping data for table `uc_user_permission_matches`
--

INSERT INTO `uc_user_permission_matches` (`id`, `user_id`, `permission_id`) VALUES
(1, 1, 2),
(2, 1, 1),
(3, 2, 1),
(5, 2, 1),
(8, 5, 1),
(9, 6, 1),
(10, 7, 1),
(11, 1, 1);

/*!40101 SET CHARACTER_SET_CLIENT=@OLD_CHARACTER_SET_CLIENT */;
/*!40101 SET CHARACTER_SET_RESULTS=@OLD_CHARACTER_SET_RESULTS */;
/*!40101 SET COLLATION_CONNECTION=@OLD_COLLATION_CONNECTION */;
